<?xml version="1.0" encoding="UTF-8"?>
<configurationDescriptor version="95">
  <logicalFolder name="root" displayName="root" projectFiles="true" kind="ROOT">
    <logicalFolder name="OverbondHack"
                   displayName="OverbondHack"
                   projectFiles="true">
      <logicalFolder name="build" displayName="build" projectFiles="true">
        <logicalFolder name="Debug" displayName="Debug" projectFiles="true">
          <logicalFolder name="GNU-MacOSX" displayName="GNU-MacOSX" projectFiles="true">
            <itemPath>build/Debug/GNU-MacOSX/main.o.d</itemPath>
            <itemPath>build/Debug/GNU-MacOSX/parser.o.d</itemPath>
          </logicalFolder>
        </logicalFolder>
        <logicalFolder name="Release" displayName="Release" projectFiles="true">
          <logicalFolder name="GNU-MacOSX" displayName="GNU-MacOSX" projectFiles="true">
            <itemPath>build/Release/GNU-MacOSX/main.o.d</itemPath>
          </logicalFolder>
        </logicalFolder>
      </logicalFolder>
      <logicalFolder name="dist" displayName="dist" projectFiles="true">
        <logicalFolder name="Debug" displayName="Debug" projectFiles="true">
          <logicalFolder name="GNU-MacOSX" displayName="GNU-MacOSX" projectFiles="true">
            <itemPath>dist/Debug/GNU-MacOSX/overbondhack</itemPath>
          </logicalFolder>
        </logicalFolder>
      </logicalFolder>
      <logicalFolder name="World 1" displayName="World 1" projectFiles="true">
        <itemPath>World 1/edges_world_1.clq</itemPath>
        <itemPath>World 1/nodes_world_1.txt</itemPath>
      </logicalFolder>
      <logicalFolder name="World 2A" displayName="World 2A" projectFiles="true">
        <itemPath>World 2A/edges_world_2a.clq</itemPath>
        <itemPath>World 2A/nodes_world_2a.txt</itemPath>
      </logicalFolder>
      <logicalFolder name="World 2B" displayName="World 2B" projectFiles="true">
        <itemPath>World 2B/edges_world_2b.clq</itemPath>
        <itemPath>World 2B/nodes_world_2b.txt</itemPath>
      </logicalFolder>
      <itemPath>.gitignore</itemPath>
      <itemPath>Makefile</itemPath>
      <itemPath>Node.cpp</itemPath>
      <itemPath>Node.h</itemPath>
      <itemPath>UofTOverbondHackathonProblem.pdf</itemPath>
      <itemPath>main.cpp</itemPath>
      <itemPath>main.h</itemPath>
    </logicalFolder>
    <logicalFolder name="TestFiles"
                   displayName="Test Files"
                   projectFiles="false"
                   kind="TEST_LOGICAL_FOLDER">
    </logicalFolder>
    <logicalFolder name="ExternalFiles"
                   displayName="Important Files"
                   projectFiles="false"
                   kind="IMPORTANT_FILES_FOLDER">
      <itemPath>Makefile</itemPath>
    </logicalFolder>
  </logicalFolder>
  <sourceFolderFilter>^(nbproject)$</sourceFolderFilter>
  <sourceRootList>
    <Elem>.</Elem>
  </sourceRootList>
  <projectmakefile>Makefile</projectmakefile>
  <confs>
    <conf name="Debug" type="1">
      <toolsSet>
        <compilerSet>default</compilerSet>
        <dependencyChecking>true</dependencyChecking>
        <rebuildPropChanged>false</rebuildPropChanged>
      </toolsSet>
      <compileType>
      </compileType>
      <item path=".gitignore" ex="false" tool="3" flavor2="0">
      </item>
      <item path="Makefile" ex="false" tool="3" flavor2="0">
      </item>
      <item path="Node.cpp" ex="false" tool="1" flavor2="0">
      </item>
      <item path="Node.h" ex="false" tool="3" flavor2="0">
      </item>
      <item path="UofTOverbondHackathonProblem.pdf" ex="false" tool="3" flavor2="0">
      </item>
      <item path="World 1/edges_world_1.clq" ex="false" tool="3" flavor2="0">
      </item>
      <item path="World 1/nodes_world_1.txt" ex="false" tool="3" flavor2="0">
      </item>
      <item path="World 2A/edges_world_2a.clq" ex="false" tool="3" flavor2="0">
      </item>
      <item path="World 2A/nodes_world_2a.txt" ex="false" tool="3" flavor2="0">
      </item>
      <item path="World 2B/edges_world_2b.clq" ex="false" tool="3" flavor2="0">
      </item>
      <item path="World 2B/nodes_world_2b.txt" ex="false" tool="3" flavor2="0">
      </item>
      <item path="build/Debug/GNU-MacOSX/main.o.d" ex="false" tool="3" flavor2="0">
      </item>
      <item path="build/Debug/GNU-MacOSX/parser.o.d" ex="false" tool="3" flavor2="0">
      </item>
      <item path="build/Release/GNU-MacOSX/main.o.d" ex="false" tool="3" flavor2="0">
      </item>
      <item path="dist/Debug/GNU-MacOSX/overbondhack" ex="false" tool="3" flavor2="0">
      </item>
      <item path="main.cpp" ex="false" tool="1" flavor2="0">
      </item>
      <item path="main.h" ex="false" tool="3" flavor2="0">
      </item>
    </conf>
    <conf name="Release" type="1">
      <toolsSet>
        <compilerSet>default</compilerSet>
        <dependencyChecking>true</dependencyChecking>
        <rebuildPropChanged>false</rebuildPropChanged>
      </toolsSet>
      <compileType>
        <cTool>
          <developmentMode>5</developmentMode>
        </cTool>
        <ccTool>
          <developmentMode>5</developmentMode>
          <commandLine>-std=c++11</commandLine>
        </ccTool>
        <fortranCompilerTool>
          <developmentMode>5</developmentMode>
        </fortranCompilerTool>
        <asmTool>
          <developmentMode>5</developmentMode>
        </asmTool>
      </compileType>
      <item path=".gitignore" ex="false" tool="3" flavor2="0">
      </item>
      <item path="Makefile" ex="false" tool="3" flavor2="0">
      </item>
      <item path="Node.cpp" ex="false" tool="1" flavor2="0">
      </item>
      <item path="Node.h" ex="false" tool="3" flavor2="0">
      </item>
      <item path="UofTOverbondHackathonProblem.pdf" ex="false" tool="3" flavor2="0">
      </item>
      <item path="World 1/edges_world_1.clq" ex="false" tool="3" flavor2="0">
      </item>
      <item path="World 1/nodes_world_1.txt" ex="false" tool="3" flavor2="0">
      </item>
      <item path="World 2A/edges_world_2a.clq" ex="false" tool="3" flavor2="0">
      </item>
      <item path="World 2A/nodes_world_2a.txt" ex="false" tool="3" flavor2="0">
      </item>
      <item path="World 2B/edges_world_2b.clq" ex="false" tool="3" flavor2="0">
      </item>
      <item path="World 2B/nodes_world_2b.txt" ex="false" tool="3" flavor2="0">
      </item>
      <item path="build/Debug/GNU-MacOSX/main.o.d" ex="false" tool="3" flavor2="0">
      </item>
      <item path="build/Debug/GNU-MacOSX/parser.o.d" ex="false" tool="3" flavor2="0">
      </item>
      <item path="build/Release/GNU-MacOSX/main.o.d" ex="false" tool="3" flavor2="0">
      </item>
      <item path="dist/Debug/GNU-MacOSX/overbondhack" ex="false" tool="3" flavor2="0">
      </item>
      <item path="main.cpp" ex="false" tool="1" flavor2="0">
      </item>
      <item path="main.h" ex="false" tool="3" flavor2="0">
      </item>
    </conf>
    <conf name="World1" type="1">
      <toolsSet>
        <compilerSet>default</compilerSet>
        <dependencyChecking>true</dependencyChecking>
        <rebuildPropChanged>false</rebuildPropChanged>
      </toolsSet>
      <compileType>
        <ccTool>
          <commandLine>-std=c++11</commandLine>
        </ccTool>
      </compileType>
      <item path=".gitignore" ex="false" tool="3" flavor2="0">
      </item>
      <item path="Makefile" ex="false" tool="3" flavor2="0">
      </item>
      <item path="Node.cpp" ex="false" tool="1" flavor2="0">
      </item>
      <item path="Node.h" ex="false" tool="3" flavor2="0">
      </item>
      <item path="UofTOverbondHackathonProblem.pdf" ex="false" tool="3" flavor2="0">
      </item>
      <item path="World 1/edges_world_1.clq" ex="false" tool="3" flavor2="0">
      </item>
      <item path="World 1/nodes_world_1.txt" ex="false" tool="3" flavor2="0">
      </item>
      <item path="World 2A/edges_world_2a.clq" ex="false" tool="3" flavor2="0">
      </item>
      <item path="World 2A/nodes_world_2a.txt" ex="false" tool="3" flavor2="0">
      </item>
      <item path="World 2B/edges_world_2b.clq" ex="false" tool="3" flavor2="0">
      </item>
      <item path="World 2B/nodes_world_2b.txt" ex="false" tool="3" flavor2="0">
      </item>
      <item path="build/Debug/GNU-MacOSX/main.o.d" ex="false" tool="3" flavor2="0">
      </item>
      <item path="build/Debug/GNU-MacOSX/parser.o.d" ex="false" tool="3" flavor2="0">
      </item>
      <item path="build/Release/GNU-MacOSX/main.o.d" ex="false" tool="3" flavor2="0">
      </item>
      <item path="dist/Debug/GNU-MacOSX/overbondhack" ex="false" tool="3" flavor2="0">
      </item>
      <item path="main.cpp" ex="false" tool="1" flavor2="0">
      </item>
      <item path="main.h" ex="false" tool="3" flavor2="0">
      </item>
    </conf>
    <conf name="World_2A" type="1">
      <toolsSet>
        <compilerSet>default</compilerSet>
        <dependencyChecking>true</dependencyChecking>
        <rebuildPropChanged>false</rebuildPropChanged>
      </toolsSet>
      <compileType>
        <ccTool>
          <commandLine>-std=c++11 -o3</commandLine>
        </ccTool>
      </compileType>
      <item path=".gitignore" ex="false" tool="3" flavor2="0">
      </item>
      <item path="Makefile" ex="false" tool="3" flavor2="0">
      </item>
      <item path="Node.cpp" ex="false" tool="1" flavor2="0">
      </item>
      <item path="Node.h" ex="false" tool="3" flavor2="0">
      </item>
      <item path="UofTOverbondHackathonProblem.pdf" ex="false" tool="3" flavor2="0">
      </item>
      <item path="World 1/edges_world_1.clq" ex="false" tool="3" flavor2="0">
      </item>
      <item path="World 1/nodes_world_1.txt" ex="false" tool="3" flavor2="0">
      </item>
      <item path="World 2A/edges_world_2a.clq" ex="false" tool="3" flavor2="0">
      </item>
      <item path="World 2A/nodes_world_2a.txt" ex="false" tool="3" flavor2="0">
      </item>
      <item path="World 2B/edges_world_2b.clq" ex="false" tool="3" flavor2="0">
      </item>
      <item path="World 2B/nodes_world_2b.txt" ex="false" tool="3" flavor2="0">
      </item>
      <item path="build/Debug/GNU-MacOSX/main.o.d" ex="false" tool="3" flavor2="0">
      </item>
      <item path="build/Debug/GNU-MacOSX/parser.o.d" ex="false" tool="3" flavor2="0">
      </item>
      <item path="build/Release/GNU-MacOSX/main.o.d" ex="false" tool="3" flavor2="0">
      </item>
      <item path="dist/Debug/GNU-MacOSX/overbondhack" ex="false" tool="3" flavor2="0">
      </item>
      <item path="main.cpp" ex="false" tool="1" flavor2="0">
      </item>
      <item path="main.h" ex="false" tool="3" flavor2="0">
      </item>
    </conf>
    <conf name="World_2B" type="1">
      <toolsSet>
        <compilerSet>default</compilerSet>
        <dependencyChecking>true</dependencyChecking>
        <rebuildPropChanged>false</rebuildPropChanged>
      </toolsSet>
      <compileType>
        <ccTool>
          <commandLine>-std=c++11</commandLine>
        </ccTool>
      </compileType>
      <item path=".gitignore" ex="false" tool="3" flavor2="0">
      </item>
      <item path="Makefile" ex="false" tool="3" flavor2="0">
      </item>
      <item path="Node.cpp" ex="false" tool="1" flavor2="0">
      </item>
      <item path="Node.h" ex="false" tool="3" flavor2="0">
      </item>
      <item path="UofTOverbondHackathonProblem.pdf" ex="false" tool="3" flavor2="0">
      </item>
      <item path="World 1/edges_world_1.clq" ex="false" tool="3" flavor2="0">
      </item>
      <item path="World 1/nodes_world_1.txt" ex="false" tool="3" flavor2="0">
      </item>
      <item path="World 2A/edges_world_2a.clq" ex="false" tool="3" flavor2="0">
      </item>
      <item path="World 2A/nodes_world_2a.txt" ex="false" tool="3" flavor2="0">
      </item>
      <item path="World 2B/edges_world_2b.clq" ex="false" tool="3" flavor2="0">
      </item>
      <item path="World 2B/nodes_world_2b.txt" ex="false" tool="3" flavor2="0">
      </item>
      <item path="build/Debug/GNU-MacOSX/main.o.d" ex="false" tool="3" flavor2="0">
      </item>
      <item path="build/Debug/GNU-MacOSX/parser.o.d" ex="false" tool="3" flavor2="0">
      </item>
      <item path="build/Release/GNU-MacOSX/main.o.d" ex="false" tool="3" flavor2="0">
      </item>
      <item path="dist/Debug/GNU-MacOSX/overbondhack" ex="false" tool="3" flavor2="0">
      </item>
      <item path="main.cpp" ex="false" tool="1" flavor2="0">
      </item>
      <item path="main.h" ex="false" tool="3" flavor2="0">
      </item>
    </conf>
  </confs>
</configurationDescriptor>
